ModelCode,Barcode,ProductName,Color,AverageSalesPrice,CurrentSalesPrice,TotalViews,GrossFavoriteNumber,ActiveFavoriteTotal,SellerViewTotal,TotalAddedtoCart,GrossOrderQuantity,GrossSalesQuantity,CancelledbyCustomer,CancelledbyTrendyol,NumberofReturns,NetSalesQuantity,TotalCommission,GrossTurnover,NetTurnover,CancelledByUs,DidntLikeModelCancel,DamagedProductCancel,WrongProductCancel,ChangedMyMindCancel,OtherCancel,SmallSizeCancel,BigSizeCancel,NotLikeThePictureCancel,WrongOrderCancel,DidntLikeQualityCancel,DidntReachCancel
BPS,0789393943193,Füme Bukle Kendinden Yapışkanlı Merdiven Basamak Paspası / Halısı,Gri,149.09,149.9,32762,2230,4365,32762,4359,229,1916,95,342,13,1466,44294.83,286502,218567,0,0,1,0,5,2,2,0,0,0,0,3
EKOYRM16,0709637254564,Bukle Halıdan Ekonomik Basamak Ve Merdiven Paspası 16'lı,Antrasit,1093.93,1099,4651,355,1094,4651,346,100,126,6,0,4,116,25814.91,138106,126896,0,0,0,2,0,2,0,0,0,0,0,0
BDBK,0789393946408,Bukle Kendinden Yapışkanlı Merdiven Basamak Paspası / Halısı,Bej,148.42,149,4581,247,187,4581,2673,81,555,20,132,45,358,10804.09,82560,53135,0,0,0,28,0,0,0,14,0,0,0,3
M2075K,M2075GRI,Kaymaz Tabanlı Ve Yıkanabilir Merdiven Basamak Halısı,Gri,128.05,129,11411,638,1437,11411,1841,97,673,59,211,17,386,10065.21,86456,49428,0,0,0,0,1,16,0,0,0,0,0,0
EKOYRM16,0709637254533,Bukle Halıdan Ekonomik Basamak Ve Merdiven Paspası 16'lı,Gri,1098.29,1099,2312,181,285,2312,168,40,45,1,0,1,43,9393.14,49455,46128,0,0,0,0,0,0,1,0,0,0,0,0
EKOYRM16,0709637255097,Bukle Halıdan Ekonomik Basamak ve Merdiven Paspası 16'lı,Bej,1113.33,1199,2255,202,357,2255,181,37,40,0,0,5,35,7935.21,44860,38966,0,0,0,0,0,2,1,2,0,0,0,0
EVA1,Myfloor-EVA1GRİ,Eva Tatami Yumuşak Zemin Minderi 13 Mm Gri,Gri,196.22,199,2043,124,132,1083,168,34,207,0,7,14,186,5657.61,41193,36496,0,0,0,0,10,0,0,0,0,0,0,4
BPS29,0789393946842,Açık Gri Kendinden Yapışkanlı Merdiven Basamak Paspası  Halısı,Renkli,198.55,199,8649,452,874,8649,844,37,220,20,44,2,154,6225.62,43727,30577,0,0,1,0,1,0,0,0,0,0,0,0
EVA26,EVAKRMV,Eva Tatami Minder 26mm Çift Taraflı 1.sınıf 100 Cm X 100 Cm,Mavi,337.43,349,409,24,11,409,89,15,133,10,40,0,83,4325.06,46021,28007,0,0,0,0,0,0,0,0,0,0,0,0
BPSTF,0789393943117,Kahverengi Kendinden Yapışkanlı Merdiven Basamak Paspası / Halısı,Kahverengi,166.29,199,1962,110,222,1962,1524,37,332,42,109,15,166,5624.52,57701,27605,0,0,0,0,0,0,0,15,0,0,0,0
DMTYRM,0789393944183,Siyah Kendinden Yapışkanlı Merdiven Basamak Paspası / Halısı,Siyah,147.09,149,3120,224,1229,3120,414,27,192,11,5,0,176,5278.63,28302,25888,0,0,0,0,0,0,0,0,0,0,0,0
EKOYRM16,0709637255110,Bukle Halıdan Ekonomik Basamak ve Merdiven Paspası 16'lı,Kahverengi,1096.27,1099,737,52,48,737,55,18,27,0,0,5,22,4928.51,29673,24118,0,0,0,0,1,1,0,0,0,0,0,3
BICAK1,1789393947559,Profesyonel Kanca Uçlu Halı Kesim Bıçağı / Fidan Kesim Bıçağı,NoColor,495.18,499,1089,34,91,1089,76,29,48,0,0,1,47,3622.51,23952,23273,0,0,0,0,0,0,0,0,0,0,0,1
HALIYAPISTIRICI,1789393947344,Halı Ve Zemin Kaplamaları Yapıştırıcısı 3 Lt. 2200gr.,NoColor,421.42,499,566,37,67,566,96,41,51,0,0,1,50,3692.55,21500,21071,0,0,0,0,0,0,0,0,0,1,0,0
HKUTU,1789393946798,Halı Kaynak Ütüsü,NoColor,4999,4999,155,2,5,155,4,3,4,0,0,0,4,3478.32,19996,19996,0,0,0,0,0,0,0,0,0,0,0,0
UTUBANDI,1789393947351,Halı Kaynak Ütü Bandı - Ütü Bantı 20 Metre,NoColor,538.49,549,512,23,47,512,60,28,34,0,0,0,34,3214.88,18369,18309,0,0,0,0,0,0,0,0,0,0,0,0
KYAP,1789393947313,Latex Bazlı Karo Halı Yapıştırıcısı - 10kg.,NoColor,1499,1499,341,12,44,341,28,13,13,0,0,1,12,3115.87,19487,17988,0,0,0,0,0,0,0,0,0,1,0,0
DK172,0709637253680,Tufting Halıdan Basamak Ve Merdiven Paspası,Gri,126.79,129,2002,123,364,2002,163,23,188,0,52,0,136,3516.37,23817,17244,0,0,0,0,0,0,0,0,0,0,0,0
EKOYRM16,0709637254595,Bukle Halıdan Ekonomik Basamak Ve Merdiven Paspası 16'lı,Bordo,1099,1099,419,30,28,419,36,8,15,0,0,0,15,3358.38,16485,16485,0,0,0,0,0,0,0,0,0,0,0,0
M2075K,M2075ANTRASIT,Kaymaz Tabanlı Ve Yıkanabilir Merdiven Basamak Halısı,ANTRASIT,128.37,129,4240,311,1157,4240,974,34,179,12,40,0,127,3321.75,23091,16303,0,0,0,0,0,0,0,0,0,0,0,0
EVA1,Myfloor-EVA1SİYAH,Eva Tatami Yumuşak Zemin Minderi 13 Mm Siyah,Siyah,196.43,199,918,52,43,619,116,17,87,9,0,4,74,2253.34,17313,14536,0,0,0,0,0,0,0,2,0,0,0,2
M2075K,M2075BEJ,Kaymaz Tabanlı Ve Yıkanabilir Merdiven Basamak Halısı,Bej,127.2,129,1221,96,119,1221,141,18,155,5,14,23,113,2923.68,19704,14373,0,0,0,3,0,20,0,0,0,0,0,0
EKOYRM16,0709637255080,Bukle Halıdan Ekonomik Basamak ve Merdiven Paspası 16'lı,Siyah,1074,1099,547,40,71,547,39,12,13,0,0,0,13,2850.43,13987,13962,0,0,0,0,0,0,0,0,0,0,0,0
EVA1,Myfloor-EVA1,Eva Tatami Yumuşak Zemin Minderi 13 Mm Açık Mavi,Mavi,196,199.9,1729,92,147,1517,278,16,75,7,0,0,68,2058.02,14993,13328,0,0,0,0,0,0,0,0,0,0,0,0
EVA1,Myfloor-EVA1YEŞİL,Eva Tatami Yumuşak Zemin Minderi 13 Mm Yeşil,Yeşil,195.35,199,321,16,19,233,45,15,67,0,0,0,67,2028.9,13333,13088,0,0,0,0,0,0,0,0,0,0,0,0
DMK2,0709637253406,Gri Plastik Kaydırmaz Dış Mekan Merdiven Basamak Paspası,Gri,298.47,299,3250,98,182,3250,57,13,44,0,0,1,43,2613.5,13156,12834,0,0,0,0,0,0,0,1,0,0,0,0
DK245,0709637254410,Bukle Halıdan Basamak Ve Merdiven Paspası,Gri,149,149,936,72,557,936,486,11,107,18,3,0,86,2606.66,15943,12814,0,0,0,0,0,0,0,0,0,0,0,0
EKOKARE16,0709637254526,Bukle Halıdan Ekonomik Basamak Ve Merdiven Paspası 16'lı,Antrasit,1096.27,1099,1020,78,349,1020,71,11,11,0,0,0,11,2463.4,12089,12059,0,0,0,0,0,0,0,0,0,0,0,0
BPSKR,0789393943094,Gri Bukle Kendinden Yapışkanlı Merdiven Basamak Paspası / Halısı,Gri,148.94,149.9,1351,73,182,1351,105,15,100,6,4,13,77,2342.99,14936,11469,0,0,0,0,13,0,0,0,0,0,0,0
DMTYRM,0789393944299,Desenli Kendinden Yapışkanlı Merdiven Basamak Paspası / Halısı,Yeşil,197.42,199,1151,66,327,1151,133,6,57,0,0,0,57,2289.06,11343,11253,0,0,0,0,0,0,0,0,0,0,0,0
DK215,0709637254113,Tufting Halıdan Basamak Ve Merdiven Paspası,Bej,199,199,759,47,284,759,47,9,83,0,13,15,55,2226.4,16517,10945,0,0,0,0,15,0,0,0,0,0,0,0
STRM,STRM3080FUME,Halifleks Yapışkan Tabanlı Merdiven Basamak Paspası Rip Halı Kaymaz Tabanlı / Adet Olarak Satılır,Füme,76.52,79,1067,54,149,1067,196,27,198,10,63,0,125,1961.27,15642,9564,0,0,0,0,0,0,0,0,0,0,0,0
BDTF,0789393946392,Tufting Kendinden Yapışkanlı Merdiven Basamak Paspası / Halısı,Renkli,199,199,1564,77,215,1564,237,22,179,20,114,0,45,1827.04,35621,8955,0,0,0,0,0,0,0,0,0,0,0,0
EKOYOB16,0709637255066,Bukle Halıdan Ekonomik Basamak ve Merdiven Paspası 16'lı,Bej,1095.88,,83,9,12,83,6,2,8,0,0,0,8,1786.71,8792,8767,0,0,0,0,0,0,0,0,0,0,0,0
EVA1,Myfloor-EVA1TURUNCU,Eva Tatami Yumuşak Zemin Minderi 13 Mm Turuncu,Turuncu,197.89,199,227,10,10,152,56,6,44,0,0,1,43,1319.11,8756,8509,0,0,0,0,0,0,0,0,0,0,0,1
BDTD,0789393946354,Desenli Kendinden Yapışkanlı Merdiven Basamak Paspası / Halısı,Bordo,198.51,199,371,16,22,371,30,8,55,0,14,0,41,1663.58,10945,8139,0,0,0,0,0,0,0,0,0,0,0,0
BPS34,0789393946811,Gri Kendinden Yapışkanlı Merdiven Basamak Paspası / Halısı,Gri,198.39,199,827,51,110,827,68,6,48,0,5,2,41,1657.78,9552,8134,0,0,0,0,0,0,2,0,0,0,0,0
DK209,0709637254052,Tufting Halıdan Basamak Ve Merdiven Paspası,Kahve,199,199,338,13,9,338,54,4,55,0,0,15,40,1619.2,10945,7960,0,0,0,0,0,0,0,15,0,0,0,0
EKOKARE16,0709637254519,Bukle Halıdan Ekonomik Basamak Ve Merdiven Paspası 16'lı,Gri,1099,1099,295,20,93,295,27,7,8,1,0,0,7,1568.3,8792,7693,0,0,0,0,0,0,0,0,0,0,0,0
BDT6,0789393946378,Tufting Kendinden Yapışkanlı Merdiven Basamak Paspası / Halısı,Renkli,198.34,199,489,43,107,489,30,5,46,0,8,0,38,1541.14,9154,7537,0,0,0,0,0,0,0,0,0,0,0,0
DMT16,0789393947443,Yeşil Kendinden Yapışkanlı Merdiven Basamak Paspası/ Halısı,Yeşil,184.34,199,3278,170,337,3278,267,10,65,0,5,20,40,1503,12153,7374,0,0,0,0,0,20,0,0,0,0,0,0
DK120,0709637252911,Tufting Halıdan Basamak Ve Merdiven Paspası,Kahve,128.3,129,370,17,60,370,25,11,78,0,21,0,57,1490.88,10062,7313,0,0,0,0,0,0,0,0,0,0,0,0
DK238,0709637254342,Tufting Halıdan Basamak Ve Merdiven Paspası,Yeşil,199,199,373,19,25,373,22,7,52,0,19,0,33,1335.84,10348,6567,0,0,0,0,0,0,0,0,0,0,0,0
EVA26,EVA26GRI,Eva Tatami Minder 26mm Çift Taraflı 1.sınıf 100 Cm X 100 Cm,Gri,341.78,349,185,9,9,185,141,4,17,0,0,0,17,900.64,5933,5810,0,0,0,0,0,0,0,0,0,0,0,0
DMK1,0709637253390,Bakır Renk Plastik Kaydırmaz Dış Mekan Merdiven Basamak Paspası,Bakır,299,299,728,35,141,728,10,2,19,0,0,0,19,1155.58,5681,5681,0,0,0,0,0,0,0,0,0,0,0,0
BPSTF,0789393943056,Bordo Kendinden Yapışkanlı Merdiven Basamak Paspası / Halısı,Kırmızı,199,199,385,21,349,385,29,4,42,0,0,14,28,1133.44,8358,5572,0,0,0,0,0,0,12,0,0,2,0,0
EVA1,Myfloor-EVA1KIRMIZI,Eva Tatami Yumuşak Zemin Minderi 13 Mm Kırmızı,Kırmızı,196.86,199,350,16,15,238,82,12,34,6,0,0,28,854.46,6766,5512,0,0,0,0,0,0,0,0,0,0,0,0
EKOKARE16,0709637255004,Bukle Halıdan Ekonomik Basamak ve Merdiven Paspası 16'lı,Kahverengi,1099,1099,199,20,7,199,19,3,5,0,0,0,5,1122.98,5495,5495,0,0,0,0,0,0,0,0,0,0,0,0
EVA26,EVASRSYH,Eva Tatami Minder 26mm Çift Taraflı 1.sınıf 100 Cm X 100 Cm,Sarı Siyah,349,349,207,13,15,207,238,5,15,0,0,0,15,809.74,5235,5235,0,0,0,0,0,0,0,0,0,0,0,0
EVA26,EVAKRSYH,Eva Tatami Minder 26mm Çift Taraflı 1.sınıf 100 Cm X 100 Cm,Kırmızı Siyah,349,349,363,19,25,363,70,3,16,0,0,1,15,811.5,5584,5235,0,0,0,0,0,0,0,0,0,0,0,1
EVA26,EVASYHGR,Eva Tatami Minder 26mm Çift Taraflı 1.sınıf 100 Cm X 100 Cm,Siyah Gri,322.35,349,356,9,12,356,82,6,18,2,0,0,16,797,5886,5158,0,0,0,0,0,0,0,0,0,0,0,0
STRM,STRM3080DEVTUY,Halifleks Yapışkan Tabanlı Merdiven Basamak Paspası Rip Halı Kaymaz Tabanlı / Adet Olarak Satılır,Devetüyü,88.76,82,425,19,38,403,50,9,61,0,3,0,58,985.11,5578,5148,0,0,0,0,0,0,0,0,0,0,0,0
BDTF,0789393946323,Tufting Kendinden Yapışkanlı Merdiven Basamak Paspası Halısı,Kahverengi,197.85,199,337,18,45,337,25,5,26,0,0,0,26,1049.2,5174,5144,0,0,0,0,0,0,0,0,0,0,0,0
EVA1,Myfloor-EVA1SARI,Eva Tatami Yumuşak Zemin Minderi 13 Mm Sarı,Sarı,197.37,199,260,13,8,171,76,10,27,0,0,1,26,795.51,5373,5132,0,0,0,0,0,0,0,0,0,0,0,1
UTUBAND,1789393947252,Halı Kaynak Ütü Bandı - Ütü Bantı 200 Metre,NoColor,4999,4999,106,3,4,106,2,1,1,0,0,0,1,864.33,4999,4999,0,0,0,0,0,0,0,0,0,0,0,0
YENI16BJ,0709637255141,Bukle Halıdan Alınlıklı Basamak ve Merdiven Paspası 16'lı,Bej,2399,,79,9,3,79,3,2,2,0,0,0,2,975.92,4798,4798,0,0,0,0,0,0,0,0,0,0,0,0
YKP6,0709637253383,Toz Ve Çamur Sıyırıcı Kauçuk Kapı Önü Paspası,Siyah,294.61,299,604,47,72,604,45,12,16,1,0,0,15,901.18,4784,4419,0,0,0,0,0,0,0,0,0,0,0,0
THTKDNNW1016833,789393943322,Eczane Logolu Kıvırcık Kapı Önü Paspası,Renkli,399.9,399.9,195,14,13,195,16,10,11,0,0,0,11,939.62,4399,4399,0,0,0,0,0,0,0,0,0,0,0,0
EKOYOK16,0709637255042,Bukle Halıdan Ekonomik Basamak ve Merdiven Paspası 16'lı,Kahverengi,1099,0,152,11,7,152,11,4,4,0,0,0,4,894.16,4396,4396,0,0,0,0,0,0,0,0,0,0,0,0
EKOYRM16,0709637254502,Bukle Halıdan Ekonomik Basamak Ve Merdiven Paspası 16'lı,Sarı,1099,1099,481,34,161,481,13,4,4,0,0,0,4,894.16,4396,4396,0,0,0,0,0,0,0,0,0,0,0,0
EKOYRM16,0709637254625,Bukle Halıdan Ekonomik Basamak Ve Merdiven Paspası 16'lı,Lacivert,1099,1099,481,34,161,481,13,4,4,0,0,0,4,894.16,4396,4396,0,0,0,0,0,0,0,0,0,0,0,0
DMTYRM,0789393947450,Kırmızı Kendinden Yapışkanlı Merdiven Basamak Paspası / Halısı,Renkli,143.81,149,575,34,23,575,29,9,104,21,53,0,30,841.29,15360,4314,0,0,0,0,0,0,0,0,0,0,0,0
DK166,0709637253635,Tufting Halıdan Basamak Ve Merdiven Paspası,Kahve,128.09,129,241,12,22,241,30,4,33,0,0,0,33,859.8,4257,4227,0,0,0,0,0,0,0,0,0,0,0,0
EKO15,470767179,Tufting Halıdan Yapışkantabanlı Merdiven Basamak Paspası / Halısı,Gri,129,129,3425,264,986,3425,493,15,72,30,6,4,32,839.68,9288,4128,0,0,0,0,4,0,0,0,0,0,0,0
DK164,0709637253611,Bukle Halıdan Basamak Ve Merdiven Paspası,Bordo,129,129,409,10,28,409,17,3,32,0,0,0,32,839.68,4128,4128,0,0,0,0,0,0,0,0,0,0,0,0
EVA26,EVAYSLSR,Eva Tatami Minder 26mm Çift Taraflı 1.sınıf 100 Cm X 100 Cm,Yeşil Sarı,316.97,349,230,12,1,230,737,5,21,0,0,8,13,635.34,6933,4121,0,0,0,8,0,0,0,0,0,0,0,0
DK223,0709637254199,Tufting Halıdan Basamak Ve Merdiven Paspası,Gri,199,199,194,21,106,194,5,3,21,0,3,0,18,728.64,4179,3582,0,0,0,0,0,0,0,0,0,0,0,0
EKO11,470765150,Bukle Halıdan Kaymaz Tabanlı Merdiven Basamak Paspası / Halısı,Kırmızı,129,129,713,33,90,713,278,4,27,0,0,0,27,708.48,3483,3483,0,0,0,0,0,0,0,0,0,0,0,0
STRM,STRM3080GRI,Halifleks Yapışkan Tabanlı Merdiven Basamak Paspası Rip Halı Kaymaz Tabanlı / Adet Olarak Satılır,Gri,79.93,82,421,21,15,421,112,10,56,5,7,1,43,704.74,4505,3437,0,0,0,1,0,0,0,0,0,0,0,0
EKOKARE16,0709637254601,Bukle Halıdan Ekonomik Basamak Ve Merdiven Paspası 16'lı,Lacivert,1079,1099,83,9,12,83,6,2,3,0,0,0,3,658.42,3297,3237,0,0,0,0,0,0,0,0,0,0,0,0
EKO16,470767776,Siyah Velür Kaymaz Tabanlı Merdiven Basamak Paspası / Halısı,Siyah,127.8,129,878,68,727,878,32,4,25,0,0,0,25,652.84,3225,3195,0,0,0,0,0,0,0,0,0,0,0,0
DK226,0709637254229,Tufting Halıdan Basamak Ve Merdiven Paspası,Siyah,186.35,199,172,11,98,172,40,3,31,0,0,14,17,649.47,5974,3168,0,0,0,0,0,14,0,0,0,0,0,0
DK175,709637253710,Stepmat Tufting Halıdan Basamak ve Merdiven Paspası,Kahve,85.13,129,539,24,17,539,61,6,40,0,4,0,36,623.16,4256,3065,0,0,0,0,0,0,0,0,0,0,0,0
DMK3,0709637253413,Mavi Plastik Kaydırmaz Dış Mekan Merdiven Basamak Paspası,Mavi,299,299,1109,30,53,1109,16,3,16,6,0,0,10,608.2,4784,2990,0,0,0,0,0,0,0,0,0,0,0,0
DK218,0709637254144,Tufting Halıdan Basamak Ve Merdiven Paspası,Gri,199,199,256,17,35,256,28,2,16,0,0,1,15,607.2,3184,2985,0,0,0,0,0,0,0,1,0,0,0,0
EKO8,470764386,Siyah Bukle Kaymaz Tabanlı Merdiven Basamak Paspası / Halısı,Siyah,129,129,408,21,19,408,11,3,28,0,5,0,23,603.52,3612,2967,0,0,0,0,0,0,0,0,0,0,0,0
STRM,STRM3080ANT,Halifleks Yapışkan Tabanlı Merdiven Basamak Paspası Rip Halı Kaymaz Tabanlı / Adet Olarak Satılır,Antrasit,85.53,82,415,28,29,255,17,6,42,0,8,0,34,594.2,3622,2908,0,0,0,0,0,0,0,0,0,0,0,0
EKO1,STEPMATEKO1,Kırmızı Velür Kaymaz Tabanlı Merdiven Basamak Paspası / Halısı,Kırmızı,129,129,387,28,65,387,15,7,55,8,10,15,22,581.9,7095,2838,0,0,0,0,0,0,0,0,0,15,0,0
DK232,0709637254281,Tufting Halıdan Basamak Ve Merdiven Paspası,Yeşil,199,199,253,14,10,253,28,8,52,29,9,0,14,566.72,10348,2786,0,0,0,0,0,0,0,0,0,0,0,0
KPKHC,KPKHC00100100,Koko Paspas - Kıl Paspas Doğal Hindistan Cevizi Elyafı,Doğal,1299,1299,266,23,34,266,37,8,2,0,0,0,2,532.6,2598,2598,0,0,0,0,0,0,0,0,0,0,0,0
EKO27,470773471,Bukle Halıdan Kaymaz Tabanlı Merdiven Basamak Paspası / Halısı,Siyah,129,129,1230,68,105,1230,31,4,36,10,6,0,20,527.11,4644,2580,0,0,0,0,0,0,0,0,0,0,0,0
BICAK3,1789393947535,Profesyonel Kanca Uçlu Halı Kesim Bıçağı / Fidan Kesim Bıçağı,NoColor,499,499,791,13,21,791,29,5,5,0,0,0,5,392.97,2495,2495,0,0,0,0,0,0,0,0,0,0,0,0
M2075V,M2075VELUR,Kaymaz Tabanlı Ve Yıkanabilir Merdiven Basamak Halısı,Antrasit,129,129,1290,68,272,1290,513,3,20,1,0,0,19,498.56,2580,2451,0,0,0,0,0,0,0,0,0,0,0,0
EKOKAREALIN16,0709637255134,Bukle Halıdan Alınlıklı Basamak ve Merdiven Paspası 16'lı,Kahverengi,2399,2399,128,5,5,128,2,1,1,0,0,0,1,491.8,2399,2399,0,0,0,0,0,0,0,0,0,0,0,0
EKOKARE16,0709637255035,Bukle Halıdan Ekonomik Basamak ve Merdiven Paspası 16'lı,Siyah,1099,1099,181,15,2,181,14,2,2,0,0,0,2,448.84,2198,2198,0,0,0,0,0,0,0,0,0,0,0,0
EKOOVL16,0709637254618,Bukle Halıdan Ekonomik Basamak Ve Merdiven Paspası 16'lı,Lacivert,1099,1099,181,15,2,181,14,2,2,0,0,0,2,447.08,2198,2198,0,0,0,0,0,0,0,0,0,0,0,0
DK102,0709637252737,Tufting Halıdan Basamak Ve Merdiven Paspası,Siyah,129,129,145,10,30,145,6,2,17,0,0,0,17,449.23,2193,2193,0,0,0,0,0,0,0,0,0,0,0,0
DMT3,0789393944336,Kırmızı Kendinden Yapışkanlı Merdiven Basamak Paspası / Halısı,Kırmızı,149,149,730,37,139,730,27,2,14,0,0,0,14,424.34,2086,2086,0,0,0,0,0,0,0,0,0,0,0,0
EKO2,470652846,Bej Velür Kaymaz Tabanlı Merdiven Basamak Paspası / Halısı,Bej,129,129,378,22,141,378,17,2,16,0,0,0,16,419.84,2064,2064,0,0,0,0,0,0,0,0,0,0,0,0
EKOOVL16,0709637254465,Bukle Halıdan Basamak Ve Merdiven Paspası 16'lı Paket,Sarı,666.27,1099,349,27,49,349,20,2,3,0,0,0,3,406.56,1999,1999,0,0,0,0,0,0,0,0,0,0,0,0
NAPGS,NAPGS6090,Şık ve Geniş Kauçuk Nem Alıcı Paspas Siyah Gri Kırçıllı İç ve Dış Paspası Halı Paspas,Gri Siyah,999,999,230,15,27,230,21,5,2,0,0,0,2,409.6,1998,1998,0,0,0,0,0,0,0,0,0,0,0,0
DK237,0709637254335,Tufting Halıdan Basamak Ve Merdiven Paspası,Beyaz,199,199,476,49,232,476,59,3,10,0,0,0,10,404.8,1990,1990,0,0,0,0,0,0,0,0,0,0,0,0
BPS27,0789393946859,Mor Kendinden Yapışkanlı Merdiven Basamak Paspası / Halısı,Mor,199,199,254,12,18,254,29,1,10,0,0,0,10,404.8,1990,1990,0,0,0,0,0,0,0,0,0,0,0,0
EKOYRM,EKOTRKYRM,Bukle Halıdan Ekonomik Basamak Ve Merdiven Paspası / Adet Olarak Satılır,Turkuaz,129.9,129.9,52,3,2,52,14,3,20,0,5,0,15,399.45,2598,1949,0,0,0,0,0,0,0,0,0,0,0,0
DK141,0709637253109,Tufting Halıdan Basamak Ve Merdiven Paspası,Gri,129,129,271,23,9,271,91,1,15,0,0,0,15,393.6,1935,1935,0,0,0,0,0,0,0,0,0,0,0,0
DK132,0709637253031,Tufting Halıdan Basamak Ve Merdiven Paspası,Kahve,129,129,206,15,7,206,215,1,15,0,0,0,15,393.6,1935,1935,0,0,0,0,0,0,0,0,0,0,0,0
DK131,0709637253024,Tufting Halıdan Basamak Ve Merdiven Paspası,Yeşil,129,129,147,14,15,147,6,1,15,0,0,0,15,393.6,1935,1935,0,0,0,0,0,0,0,0,0,0,0,0
STRM,STRM3080BONMV,Halifleks Yapışkan Tabanlı Merdiven Basamak Paspası Rip Halı Kaymaz Tabanlı / Adet Olarak Satılır,Boncuk Mavi,77.82,82,103,4,8,103,11,5,24,0,0,0,24,365.88,1968,1868,0,0,0,0,0,0,0,0,0,0,0,0
STRM,STRM3080SİY,Halifleks Yapışkan Tabanlı Merdiven Basamak Paspası Rip Halı Kaymaz Tabanlı / Adet Olarak Satılır,Siyah,79.15,82,193,7,8,193,49,7,51,0,28,0,23,373.24,4182,1821,0,0,0,0,0,0,0,0,0,0,0,0
EKOKARE,EKOGRIDKG,Bukle Halıdan Ekonomik Basamak ve Merdiven Paspası,Gri,129.9,129.9,212,11,5,212,10,3,18,0,4,0,14,372.82,2338,1819,0,0,0,0,0,0,0,0,0,0,0,0
STRM,STRM3080YESIL,Halifleks Yapışkan Tabanlı Merdiven Basamak Paspası Rip Halı Kaymaz Tabanlı / Adet Olarak Satılır,Yeşil,84.12,82,449,36,48,449,41,4,31,0,10,0,21,361.38,2572,1767,0,0,0,0,0,0,0,0,0,0,0,0
ECZANE,EZCANE2,Jütburada Eczane Logolu Kıvırcık Kapı Önü Paspası,Kırmızı,349,349,884,45,282,62,6,5,5,0,0,0,5,354.95,1745,1745,0,0,0,0,0,0,0,0,0,0,0,0
M2075K,M2070ANTRASIT,Kaymaz Tabanlı Ve Yıkanabilir Merdiven Basamak Halısı,Antrasit,108.64,129,559,35,39,559,27,4,16,0,0,0,16,353.57,1773,1738,0,0,0,0,0,0,0,0,0,0,0,0
NAPGS,NAPGS5080,Şık ve Geniş Kauçuk Nem Alıcı Paspas Siyah Gri Kırçıllı İç ve Dış Paspası Halı Paspas,Gri Siyah,799,799,230,15,27,230,21,5,2,0,0,0,2,327.6,1598,1598,0,0,0,0,0,0,0,0,0,0,0,0
DMT,0789393947474,Koyu Füme Kendinden Yapışkanlı Merdiven Basamak Paspası / Halısı,Gri,199,199,1234,56,182,1234,82,4,18,10,0,0,8,323.84,3582,1592,0,0,0,0,0,0,0,0,0,0,0,0
DMTYRM,0789393944237,Terra Kendinden Yapışkanlı Merdiven Basamak Paspası / Halısı,Kahverengi,199,199,214,12,11,214,6,1,8,0,0,0,8,323.84,1592,1592,0,0,0,0,0,0,0,0,0,0,0,0
DMT10,0789393944268,Beyaz Çiçek Desenli Yapışkanlı Merdiven Basamak Paspası / Halısı,NoColor-678f5ec0,199,199,214,12,11,214,6,1,8,0,0,0,8,326.4,1592,1592,0,0,0,0,0,0,0,0,0,0,0,0
BPSTF,0789393943063,Mor Kendinden Yapışkanlı Merdiven Basamak Paspası / Halısı,Mor,199,199,313,14,496,313,20,3,15,0,0,7,8,323.84,2985,1592,0,0,0,0,0,0,0,0,0,0,0,7
EKOOVL,EKOOVLD2565KAH,Bukle Halıdan Ekonomik Basamak ve Merdiven Paspası,Kahverengi,129.9,,254,14,1,254,12,3,14,0,2,0,12,317.04,1819,1559,0,0,0,0,0,0,0,0,0,0,0,0
DK176,0709637253727,Tufting Halıdan Basamak Ve Merdiven Paspası,Gri,129,129,144,9,11,144,9,1,12,0,0,0,12,314.88,1548,1548,0,0,0,0,0,0,0,0,0,0,0,0
EKOYRM,EKOBRDYRM,Bukle Halıdan Ekonomik Basamak Ve Merdiven Paspası / Adet Olarak Satılır,Bordo,127.4,129.9,254,14,1,254,12,3,14,0,2,0,12,313.36,1819,1529,0,0,0,0,0,0,0,0,0,0,0,0
MFDPCKLN,709637254878,Çelik Halı Tutucu Merdiven Dip Çubuğu - Kalın - 90,Gumuş,299,299,621,15,24,621,29,1,5,0,0,0,5,276.6,1495,1495,0,0,0,0,0,0,0,0,0,0,0,0
YKP2,0709637253376,Kırmızı Welcome Yazılı Toz Ve Çamur Sıyırıcı Kauçuk Kapı Önü Pasp,Siyah,286.81,,287,21,42,287,14,3,5,0,0,0,5,293.52,1495,1434,0,0,0,0,0,0,0,0,0,0,0,0
NAPGS,NAPGS80120,Şık ve Geniş Kauçuk Nem Alıcı Paspas Siyah Gri Kırçıllı İç ve Dış Paspası Halı Paspas,Gri Siyah,1424,1499,230,15,27,230,21,5,1,0,0,0,1,291.92,1499,1424,0,0,0,0,0,0,0,0,0,0,0,0
EKOANTYRM20,EKOANTYRM20,Bukle Halıdan Ekonomik Basamak ve Merdiven Paspası 20'lı,Antrasit,1375,,16,2,1,16,2,1,1,0,0,0,1,279.68,1375,1375,0,0,0,0,0,0,0,0,0,0,0,0
EKOKARE,EKOYENIBE,Bukle Halıdan Ekonomik Basamak ve Merdiven Paspası,Bej,124.55,129.9,240,9,2,240,9,3,11,0,0,0,11,280.22,1370,1370,0,0,0,0,0,0,0,0,0,0,0,0
NAPGS,NAPGS4060,Şık ve Geniş Kauçuk Nem Alıcı Paspas Siyah Gri Kırçıllı İç ve Dış Paspası Halı Paspas,Gri Siyah,449,449,230,15,27,230,21,5,3,0,0,0,3,276.15,1347,1347,0,0,0,0,0,0,0,0,0,0,0,0
M2070BEJ,M2070BEJ,Kaymaz Tabanlı Ve Yıkanabilir Merdiven Basamak Halısı,Bej,129,,147,12,22,147,6,1,10,0,0,0,10,262.4,1290,1290,0,0,0,0,0,0,0,0,0,0,0,0
DK117,0709637252881,Tufting Halıdan Basamak Ve Merdiven Paspası,Kahve,126,129,672,21,89,672,6,1,10,0,0,0,10,256.3,1290,1260,0,0,0,0,0,0,0,0,0,0,0,0
LPAS2,0709637254977,"Derin Şeritli Toz , Çamur Temizleyici ve Nem Alıcı Lastik Kapı Önü Paspası",Siyah,399,399,226,11,10,226,9,2,3,0,0,0,3,243.48,1197,1197,0,0,0,0,0,0,0,0,0,0,0,0
LPAS1,0709637254960,"Derin Şeritli Toz , Çamur Temizleyici ve Nem Alıcı Lastik Kapı Önü Paspası",Siyah,299,299,206,12,13,206,11,5,4,0,0,0,4,243.76,1196,1196,0,0,0,0,0,0,0,0,0,0,0,0
MFDPCINCE,709637254885,Çelik Halı Tutucu Merdiven Dip Çubuğu - Sarı İnce 90,Sarı,299,299,237,6,10,237,82,3,6,2,0,0,4,209.32,1794,1196,0,0,0,0,0,0,0,0,0,0,0,0
ZBANT1,1789393947337,Kaydırmaz Zımpara Dokulu Merdiven Ve Basamak Bantı - Zımpara Bant,NoColor,296.22,299,126,6,12,126,7,3,4,0,0,0,4,212.72,1196,1185,0,0,0,0,0,0,0,0,0,0,0,0
BPS,0789393943155,Bordo Bukle Kendinden Yapışkanlı Merdiven Basamak Paspası,Kırmızı,146.61,149,498,28,16,498,31,3,8,0,0,0,8,238.59,1173,1173,0,0,0,0,0,0,0,0,0,0,0,0
KPKHC,KPKHC00005080,Koko Paspas - Kıl Paspas Doğal Hindistan Cevizi Elyafı,Doğal,379.05,399,266,23,34,266,37,8,3,0,0,0,3,232.59,1197,1137,0,0,0,0,0,0,0,0,0,0,0,0
EKOKARE16,Myfloor-EKODKG16P,Bukle Halıdan Ekonomik Merdiven ve Basamak Paspası 16'lı,Sarı,1099.9,1099.9,93,9,48,93,4,1,1,0,0,0,1,223.72,1099,1100,0,0,0,0,0,0,0,0,0,0,0,0
EKOOVL16,0709637255073,Bukle Halıdan Ekonomik Basamak ve Merdiven Paspası 16'lı,Siyah,1099,1099,93,9,48,93,4,1,1,0,0,0,1,223.54,1099,1099,0,0,0,0,0,0,0,0,0,0,0,0
EKOANTOVL16,0709637254557,Bukle Halıdan Ekonomik Basamak Ve Merdiven Paspası 16'lı,Antrasit,1099,,93,9,48,93,4,1,1,0,0,0,1,223.54,1099,1099,0,0,0,0,0,0,0,0,0,0,0,0
EKOKARE16,0709637255011,Bukle Halıdan Ekonomik Basamak ve Merdiven Paspası 16'lı,Kırmızı,1099,1099,93,9,48,93,4,1,1,0,0,0,1,223.54,1099,1099,0,0,0,0,0,0,0,0,0,0,0,0
EKOOVL16,0709637254588,Bukle Halıdan Ekonomik Basamak Ve Merdiven Paspası 16'lı,Bordo,1099,1099,93,9,48,93,4,1,1,0,0,0,1,223.54,1099,1099,0,0,0,0,0,0,0,0,0,0,0,0
EKOOVL16,0709637255059,Bukle Halıdan Ekonomik Basamak ve Merdiven Paspası 16'lı,Kırmızı,1059,1099,93,9,48,93,4,1,1,0,0,0,1,215.4,1099,1059,0,0,0,0,0,0,0,0,0,0,0,0
EKOKARE16,0709634254489,Bukle Halıdan Ekonomik Merdiven ve Basamak Paspası 16'lı,Sarı,999,0,72,4,6,72,1,1,1,0,0,0,1,203.2,999,999,0,0,0,0,0,0,0,0,0,0,0,0
EKODKG10,0709637254472,Bukle Halıdan Basamak Ve Merdiven Paspası 10'lu,Sarı,999,999,72,4,6,72,1,1,1,0,0,0,1,203.2,999,999,0,0,0,0,0,0,0,0,0,0,0,0
LPAS4,0709637254991,Halılı ve Deri Şeritli Toz ve Nem Alıcı Lastik Kapı Önü Paspası,Renkli,332.33,399,71,1,5,71,3,3,3,0,0,0,3,202.8,997,997,0,0,0,0,0,0,0,0,0,0,0,0
KAPAS1,0789393947283,Toz Tutma Özellikli Kauçuk Kaymaz Taban Kapı Önü Paspası,Siyah,249,249,247,25,127,247,16,3,4,0,0,0,4,202.6,996,996,0,0,0,0,0,0,0,0,0,0,0,0
DK142,0709637253116,Tufting Halıdan Basamak Ve Merdiven Paspası,Kahve,85.13,129,91,7,10,91,1,1,11,0,0,0,11,190.41,1171,936,0,0,0,0,0,0,0,0,0,0,0,0
EKO20,470769890,Bukle Halıdan Kaymaz Tabanlı Merdiven Basamak Paspası / Halısı,Kırmızı,129,129,690,42,193,690,63,1,7,0,0,0,7,183.68,903,903,0,0,0,0,0,0,0,0,0,0,0,0
KPKHC,KPKHC00005090,Koko Paspas - Kıl Paspas Doğal Hindistan Cevizi Elyafı,Doğal,449,449,266,23,34,266,37,8,3,0,0,1,2,184.1,1347,898,0,0,0,0,0,0,0,0,0,0,0,1
DMK5,0709637253437,Siyah Plastik Kaydırmaz Dış Mekan Merdiven Basamak Paspası,Siyah,299,299,1217,56,220,1217,25,2,3,0,0,0,3,182.46,897,897,0,0,0,0,0,0,0,0,0,0,0,0
YKP2,0709637253345,Kırmızı Welcome Yazılı Toz Ve Çamur Sıyırıcı Kauçuk Kapı Önü Pasp,Siyah,299,299,287,21,42,287,14,3,3,0,0,0,3,183.42,897,897,0,0,0,0,0,0,0,0,0,0,0,0
KAUCUK20,869030253142,Desenli Kauçuk Kapı Önü Paspası,Turuncu,299,299,85,6,31,85,5,3,3,0,0,0,3,182.94,897,897,0,0,0,0,0,0,0,0,0,0,0,0
STRM,STRM3080LACI,Halifleks Yapışkan Tabanlı Merdiven Basamak Paspası Rip Halı Kaymaz Tabanlı / Adet Olarak Satılır,Lacıvert,75.84,82,80,3,6,80,9,2,11,0,0,0,11,171,902,834,0,0,0,0,0,0,0,0,0,0,0,0
DK203,0709637253994,Tufting Halıdan Basamak Ve Merdiven Paspası,Kahverengi,199,199,78,4,28,78,2,1,4,0,0,0,4,161.92,796,796,0,0,0,0,0,0,0,0,0,0,0,0
BPS37,0789393942981,Açık Kahve Kendinden Yapışkanlı Merdiven Basamak Paspası / Halısı,Kahverengi,199,199,359,30,356,359,58,2,4,0,0,0,4,161.92,796,796,0,0,0,0,0,0,0,0,0,0,0,0
YPPS5,869099782744,Hogwarts Harry Potter Temalı Kauçuk Kapı Önü Paspası,Renkli,199,199,440,40,280,440,15,4,4,0,0,0,4,162.56,796,796,0,0,0,0,0,0,0,0,0,0,0,0
KASPAS24,0789393947122,Welcome Yazılı Desenli Kauçuk Kapı Önü Paspası,Bordo,249,249,105,4,11,105,6,3,3,0,0,0,3,152.35,747,747,0,0,0,0,0,0,0,0,0,0,0,0
SPAS,SPAS13,Welcome Yazılı Kauçuk Kapı Önü Paspası,Gri,249,249,105,4,11,105,6,3,3,0,0,0,3,152.75,747,747,0,0,0,0,0,0,0,0,0,0,0,0
CSPAS4,CPAS4,Comfot Mat Havuzlu Çamur ve Kir Sıyırıcı Kapı Önü Paspası Mor,Mor,349,349,44,0,2,44,2,2,2,0,0,0,2,141.98,698,698,0,0,0,0,0,0,0,0,0,0,0,0
DK156,0709637253253,Tufting Halıdan Basamak Ve Merdiven Paspası,Siyah,85.13,129,192,16,5,192,4,1,8,0,0,0,8,138.48,851,681,0,0,0,0,0,0,0,0,0,0,0,0
DK150,0709637253192,Tufting Halıdan Basamak Ve Merdiven Paspası,Bordo,129,129,73,5,2,68,5,2,5,0,0,0,5,131.2,645,645,0,0,0,0,0,0,0,0,0,0,0,0
STRM,STRM3080BYZ,Halifleks Yapışkan Tabanlı Merdiven Basamak Paspası Rip Halı Kaymaz Tabanlı / Adet Olarak Satılır,Beyaz,79,82,260,26,12,260,52,3,28,15,5,0,8,129.6,2212,632,0,0,0,0,0,0,0,0,0,0,0,0
DK147,0709637253161,Tufting Halıdan Basamak Ve Merdiven Paspası,Gri,125,129,150,20,31,150,10,1,5,0,0,0,5,128.15,645,625,0,0,0,0,0,0,0,0,0,0,0,0
DMK4,0709637253420,Sarı Plastik Kaydırmaz Dış Mekan Merdiven Basamak Paspası,Sarı,299,299,219,6,22,219,6,1,2,0,0,0,2,121.64,598,598,0,0,0,0,0,0,0,0,0,0,0,0
CSPAS9,CSPAS9,Meridyen Çamur ve Toz Sıyırıcı Çerçeveli Kapı Önü Paspası,Gri,299,299,120,8,4,120,1,2,2,0,0,0,2,121.64,598,598,0,0,0,0,0,0,0,0,0,0,0,0
BDTD,0789393946330,Tufting Kendinden Yapışkanlı Merdiven Basamak Paspası / Halısı,Gri,199,199,440,40,280,440,15,4,4,0,0,1,3,121.44,796,597,0,0,0,0,0,0,0,0,0,1,0,0
STRM,STRM3080TURK,Halifleks Yapışkan Tabanlı Merdiven Basamak Paspası Rip Halı Kaymaz Tabanlı / Adet Olarak Satılır,Turkuaz,78.79,82,84,3,6,84,5,2,7,0,0,0,7,113.05,574,552,0,0,0,0,0,0,0,0,0,0,0,0
TOZMAVİ1,TOZMAVİ1,Mavi Benekli Toz Kontrollü Pvc Tabanlı Nem Alıcı Kapı Önü Paspası,TOZMAVİ1,269.83,349,28,0,1,28,2,2,2,0,0,0,2,109.76,600,540,0,0,0,0,0,0,0,0,0,0,0,0
MER4575,869012343409,Nem Alıcı Kaymaz Taban Kapı Önü Paspası,Siyah,178.02,249,64,3,86,64,4,2,3,0,0,0,3,108.62,616,534,0,0,0,0,0,0,0,0,0,0,0,0
ZBANT2,1789393947321,Kaydırmaz Zımpara Dokulu Merdiven Ve Basamak Bantı- Zımpara Bant,NoColor,499,499,204,3,7,204,6,1,1,0,0,0,1,92.32,499,499,0,0,0,0,0,0,0,0,0,0,0,0
SPAS8,SPAS8,Welcome Yazılı Kaliteli Kauçuk Kapı Önü Paspası,Renkli,249,249,32,1,2,32,2,1,2,0,0,0,2,101.3,498,498,0,0,0,0,0,0,0,0,0,0,0,0
LPAS3,0709637254984,Halılı ve Deri Şeritli Toz ve Nem Alıcı Lastik Kapı Önü Paspası,Renkli,249,249,63,0,0,63,5,2,2,0,0,0,2,101.3,498,498,0,0,0,0,0,0,0,0,0,0,0,0
KASPAS5,0789393947245,Welcome Yazılı Ayakkabı Desenli Toz Tutma Özellikli Kauçuk Kap...,Sarı,249,249,42,1,2,42,2,2,2,0,0,0,2,101.3,498,498,0,0,0,0,0,0,0,0,0,0,0,0
STRM,STRM3080BORD,Halifleks Yapışkan Tabanlı Merdiven Basamak Paspası Rip Halı Kaymaz Tabanlı / Adet Olarak Satılır,Bordo,96.87,100,121,3,2,121,22,1,5,0,0,0,5,99.3,500,484,0,0,0,0,0,0,0,0,0,0,0,0
IGNE,Myfloor-IGNE,Dotec Overlok Iğnesi - Halı Overlok Iğnesi Sgx7713 26/230-5'Li,NoColor,449.9,449.9,28,1,1,28,2,1,1,0,0,0,1,98.98,450,450,0,0,0,0,0,0,0,0,0,0,0,0
CFMY,8692212311212,Comfort Mat Ekstra Hijyenik Paspas,Yeşil,419,449,56,2,14,56,1,1,1,0,0,0,1,85.23,449,419,0,0,0,0,0,0,0,0,0,0,0,0
STRM,STRM3080SUTKAH,Halifleks Yapışkan Tabanlı Merdiven Basamak Paspası Rip Halı Kaymaz Tabanlı / Adet Olarak Satılır,Sütlü Kahve,82,82,233,15,30,233,14,3,23,10,8,0,5,55.75,1886,410,0,0,0,0,0,0,0,0,0,0,0,0
HPASRENK,Myfloor-HPASRENK,Kauçuk Tabanlı Ve Kauçuk Kenar Çerçeveli Havuzlu Paspası,Turkuaz,399,399,86,3,3,86,4,1,1,0,0,0,1,81.16,399,399,0,0,0,0,0,0,0,0,0,0,0,0
KVB22,1789393946996,Büyük Boy Welcome Baskılı Kıvırcık Kapı Önü Paspası,Renkli,399,399,8,0,2,8,1,1,1,0,0,0,1,81.16,399,399,0,0,0,0,0,0,0,0,0,0,0,0
HPASRENK,HPASRENKGRI,Kauçuk Tabanlı ve Kauçuk Kenar Çerçeveli Havuzlu Paspası,GRİ,399,399,86,3,3,86,4,1,1,0,0,0,1,81.8,399,399,0,0,0,0,0,0,0,0,0,0,0,0
YKP1,0709637253338,Gri Welcome Yazılı Toz Ve Çamur Sıyırıcı Kauçuk Kapı Önü Paspası,Gri,399,399,235,15,66,235,5,1,1,0,0,0,1,81.16,399,399,0,0,0,0,0,0,0,0,0,0,0,0
DK210,0709637254069,Tufting Halıdan Basamak Ve Merdiven Paspası,Mavi,199,199,154,13,36,154,7,1,2,0,0,0,2,81.6,398,398,0,0,0,0,0,0,0,0,0,0,0,0
MBAVU,Myfloor-MBAVU,10'Lu Maket Bıçağı Ucu + Alüminyum Maket Bıçağı,NoColor,199,199,17,1,1,17,1,1,2,0,0,0,2,61.7,398,398,0,0,0,0,0,0,0,0,0,0,0,0
SPAS,0789393947146,Welcome Yazılı Desenli Kauçuk Kapı Önü Paspası,Siyah,193.91,,17,1,1,17,1,1,2,0,0,0,2,78.89,398,388,0,0,0,0,0,0,0,0,0,0,0,0
EKO3,470758236,Siyah Velür Kaymaz Tabanlı Merdiven Basamak Paspası / Halısı,Siyah,125.99,129,892,91,210,892,55,2,3,0,0,0,3,77.08,387,378,0,0,0,0,0,0,0,0,0,0,0,0
DK217,0709637254137,Tufting Halıdan Basamak Ve Merdiven Paspası,Gri,184,199,356,25,47,356,29,1,2,0,0,0,2,74.86,398,368,0,0,0,0,0,0,0,0,0,0,0,0
KPKHC,KPKHC00004080,Koko Paspas - Kıl Paspas Doğal Hindistan Cevizi Elyafı,Doğal,348,348,266,23,34,266,37,8,1,0,0,0,1,71.34,348,348,0,0,0,0,0,0,0,0,0,0,0,0
CSPAS,CSPAS1,Bej Halıdan Çamur ve Toz Sıyırıcı Çerçeveli Kapı Önü Paspası,Bej,299,299,41,4,7,41,3,1,1,0,0,0,1,60.82,299,299,0,0,0,0,0,0,0,0,0,0,0,0
YKP4,0709637253369,Sarı Welcome Yazılı Toz Ve Çamur Sıyırıcı Kauçuk Kapı Önü Paspası,Sarı,299,299,64,2,4,64,2,1,1,0,0,0,1,61.3,299,299,0,0,0,0,0,0,0,0,0,0,0,0
KAUCUK6,869030253152,Hijyenik Kauçuk Tabanlı Kapı Önü Paspası,Turuncu,299,299,41,4,7,41,3,1,1,0,0,0,1,60.82,299,299,0,0,0,0,0,0,0,0,0,0,0,0
KAUCUK16,869030253146,Hijyenik Kauçuk Tabanlı Kapı Önü Paspası,Bordo,299,299,57,2,16,57,3,1,1,0,0,0,1,60.82,299,299,0,0,0,0,0,0,0,0,0,0,0,0
KVB17,789393945715,Büyük Boy Welcome Baskılı Kıvırcık Kapı Önü Paspası,Kırmızı,299,,51,4,,51,4,2,2,0,0,0,2,60.82,598,299,1,0,0,0,0,0,0,0,0,0,0,0
KASPAS99,KASPAS99,Welcome Yazılı Çiçek Desenli Kauçuk Kapı Önü Paspası,Turuncu,299,299,77,7,17,77,3,1,1,0,0,0,1,60.82,299,299,0,0,0,0,0,0,0,0,0,0,0,0
WK05,0709637254700,Welcome Yazılı Desenli Kauçuk Toz Tutucu Kapı Önü Paspası Rose,Turuncu,299,299,180,13,6,180,13,2,2,1,0,0,1,60.82,598,299,0,0,0,0,0,0,0,0,0,0,0,0
PVCMRD,7893939411110,Pvc Kıvırcık Altı Kapalı Merdiven Basamak Paspası,Gri,299,299,316,14,11,316,7,1,1,0,0,0,1,60.82,299,299,0,0,0,0,0,0,0,0,0,0,0,0
M0-8CU8-ZOAA_deleted_1708869265,709637254960,"Derin Şeritli Toz, Çamur Temizleyici ve Nem Alıcı Lastik Kapı Önü Paspası",Siyah,299,,2,1,,2,0,0,1,0,0,0,1,60.82,299,299,0,0,0,0,0,0,0,0,0,0,0,0
BDBK,0789393946422,Bukle Kendinden Yapışkanlı Merdiven Basamak Paspası / Halısı,Renkli,149,149,170,8,25,170,12,1,2,0,0,0,2,60.62,298,298,0,0,0,0,0,0,0,0,0,0,0,0
STRM,STRM3080BEJ,Halifleks Yapışkan Tabanlı Merdiven Basamak Paspası Rip Halı Kaymaz Tabanlı / Adet Olarak Satılır,Bej,88,82,233,20,28,233,18,2,3,0,0,0,3,42.8,264,264,0,0,0,0,0,0,0,0,0,0,0,0
EKOYRM,EKOANTYRM,Bukle Halıdan Ekonomik Basamak Ve Merdiven Paspası / Adet Olarak Satılır,Antrasit,129.9,129.9,130,4,0,130,29,1,2,0,0,0,2,52.84,260,260,0,0,0,0,0,0,0,0,0,0,0,0
M2075K,M2075BORDO,Kaymaz Tabanlı Ve Yıkanabilir Merdiven Basamak Halısı,Bordo,129,129,504,32,62,504,146,4,17,10,5,0,2,52.9,2193,258,0,0,0,0,0,0,0,0,0,0,0,0
DK158,0709637253277,Tufting Halıdan Basamak Ve Merdiven Paspası,Yeşil,129,129,119,10,4,119,6,1,2,0,0,0,2,52.48,258,258,0,0,0,0,0,0,0,0,0,0,0,0
EKOYRM,EKOYYB,Bukle Halıdan Ekonomik Basamak Ve Merdiven Paspası / Adet Olarak Satılır,Bej,127.23,129.9,266,19,0,266,11,2,4,0,0,2,2,51.76,520,254,0,0,0,0,0,0,0,2,0,0,0,0
KASPAS9,0789393947207,Welcome Yazılı Çiçek Desenli Kauçuk Kapı Önü Paspası,Gümüş,249,249,14,1,5,14,1,1,1,0,0,0,1,50.65,249,249,0,0,0,0,0,0,0,0,0,0,0,0
KASPAS2,0789393947276,Welcome Yazılı Ayakkabı Desenli Toz Tutma Özellikli Kauçuk Kapı Ö,Gümüş,249,249,84,8,16,84,5,1,1,0,0,0,1,50.65,249,249,0,0,0,0,0,0,0,0,0,0,0,0
KAPAS1,KAPAS1,Toz Tutma Özellikli Kauçuk Kaymaz Taban Kapı Önü Paspası,Siyah,249,,247,25,127,247,16,3,1,0,0,0,1,50.65,249,249,0,0,0,0,0,0,0,0,0,0,0,0
KASPAS23,0789393947139,Welcome Yazılı Desenli Kauçuk Kapı Önü Paspası,Turuncu,249,249,86,5,7,86,2,1,1,0,0,0,1,50.65,249,249,0,0,0,0,0,0,0,0,0,0,0,0
KASPAS4,0789393947252,Welcome Yazılı Ayakkabı Desenli Toz Tutma Özellikli Kauçuk Kap...,Siyah,249,249,54,4,7,54,1,1,1,0,0,0,1,50.65,249,249,0,0,0,0,0,0,0,0,0,0,0,0
SPAS,SPAS12,Welcome Yazılı Desenli Kauçuk Kapı Önü Paspası,Siyah,249,249,54,4,7,54,1,1,1,0,0,0,1,50.65,249,249,0,0,0,0,0,0,0,0,0,0,0,0
2S-NM4X-I06J,789393947221,Nem Alıcı Kaymaz Taban Kapı Önü Paspası,Siyah,249,249,55,5,2,55,4,2,2,0,0,1,1,50.65,498,249,0,0,0,0,0,0,1,0,0,0,0,0
CTAS13,0709637253567,Welcome Home Çift Taraflı Kauçuk Kapı Önü Paspası,Renkli,248.71,299,13,0,,13,1,1,1,0,0,0,1,50.59,249,249,0,0,0,0,0,0,0,0,0,0,0,0
TOZBEJ,TOZBEJ,Bej Benekli Toz Kontrol Kontrollü Pvc Tabanlı Nem Alıcı Kapı Önü Paspası,Bej,239.85,349,34,1,20,34,2,1,1,0,0,0,1,48.78,300,240,0,0,0,0,0,0,0,0,0,0,0,0
STRM,STRM3080BK,Halifleks Yapışkan Tabanlı Merdiven Basamak Paspası Rip Halı Kaymaz Tabanlı / Adet Olarak Satılır,Bayrak Kırmızı,79.42,82,130,7,8,120,13,1,3,0,0,0,3,48.84,246,238,0,0,0,0,0,0,0,0,0,0,0,0
WK,0709637254816,Paris Temalı Toz Tutucu Kauçuk Kapı Önü Paspası Gold,Sarı,205.41,249,58,2,1,58,2,1,1,0,0,0,1,41.78,205,205,0,0,0,0,0,0,0,0,0,0,0,0
KASPAS30,0789393947108,Marka: Welcome Yazılı Kauçuk Kapı Önü Paspası Kategori: Kapı Önü Paspası,Gümüş,205.41,249,58,2,1,58,2,1,1,0,0,0,1,41.78,205,205,0,0,0,0,0,0,0,0,0,0,0,0
WK,0709637254823,Paris Temalı Toz Tutucu Kauçuk Kapı Önü Paspası Siyah,Siyah,205.41,249,58,2,1,58,2,1,1,0,0,0,1,41.78,205,205,0,0,0,0,0,0,0,0,0,0,0,0
KVK18,0789393943247,Welcome Baskılı Kıvırcık Kapı Önü Paspası,NoColor-bf7bdbd4,199,199,15,1,5,15,1,1,1,0,0,0,1,40.48,199,199,0,0,0,0,0,0,0,0,0,0,0,0
DK225,0709637254212,Tufting Halıdan Basamak Ve Merdiven Paspası,Mor,199,199,23,0,5,23,1,1,1,0,0,0,1,40.48,199,199,0,0,0,0,0,0,0,0,0,0,0,0
YPAS4,1789393946743,Hoşgeldiniz Yazılı Kauçuk Kapı Önü Paspası,Renkli,199,199,32,2,9,32,2,1,1,0,0,0,1,40.48,199,199,0,0,0,0,0,0,0,0,0,0,0,0
YYPS17,869099782735,Welcome Yazılı Kauçuk Kapı Önü Paspası,Renkli,199,199,10,1,2,10,1,1,1,0,0,0,1,40.48,199,199,0,0,0,0,0,0,0,0,0,0,0,0
HSHKOP,HSHKOP4570GRI,Home Sweet Home Kauçuk Tabanlı Kapı Önü Paspası,GRİ,199,199,21,3,7,21,5,1,1,0,0,0,1,40.8,199,199,0,0,0,0,0,0,0,0,0,0,0,0
DK208,0709637254045,Tufting Halıdan Basamak Ve Merdiven Paspası,Kahverengi,199,199,164,14,47,164,10,1,1,0,0,0,1,40.48,199,199,0,0,0,0,0,0,0,0,0,0,0,0
CPAS20,869311000020,Welcome Yazılı Çift Taraflı Kauçuk Kapı Önü Paspası,Renkli,198.97,299,19,2,2,19,1,1,1,0,0,0,1,40.47,249,199,0,0,0,0,0,0,0,0,0,0,0,0
KVK14,0789393943285,Welcome Baskılı Kıvırcık Kapı Önü Paspası,Mavi,164.16,199,83,6,6,83,5,1,1,0,0,0,1,33.39,164,164,0,0,0,0,0,0,0,0,0,0,0,0
EKOANTDKG,EKOANTDKG,Bukle Halıdan Ekonomik Basamak ve Merdiven Paspası,Antrasit,129.9,129.9,78,7,0,78,4,1,1,0,0,0,1,26.42,130,130,0,0,0,0,0,0,0,0,0,0,0,0
DK110,0709637252812,Tufting Halıdan Basamak Ve Merdiven Paspası,Yeşil,129,129,171,16,4,171,4,1,1,0,0,0,1,26.24,129,129,0,0,0,0,0,0,0,0,0,0,0,0
DK187,0709637253833,Tufting Halıdan Basamak Ve Merdiven Paspası,Bej,129,129,185,15,35,185,22,1,1,0,0,0,1,26.24,129,129,0,0,0,0,0,0,0,0,0,0,0,0
EKO24,470771667,Shaggy Halıdan Kaymaz Tabanlı Merdiven Basamak Paspası / Halısı,Lacivert,129,129,205,10,79,205,30,1,1,0,0,0,1,26.24,129,129,0,0,0,0,0,0,0,0,0,0,0,0
DK185,0709637253819,Tufting Halıdan Basamak Ve Merdiven Paspası,Bordo,129,129,113,9,9,113,54,1,1,0,0,0,1,26.24,129,129,0,0,0,0,0,0,0,0,0,0,0,0
DK159,0709637253284,Tufting Halıdan Basamak Ve Merdiven Paspası,Siyah,129,129,47,6,20,47,3,1,1,0,0,0,1,26.24,129,129,0,0,0,0,0,0,0,0,0,0,0,0
DK196,0709637253925,Tufting Halıdan Basamak Ve Merdiven Paspası,Yeşil,129,129,116,11,3,116,4,1,1,0,0,0,1,26.24,129,129,0,0,0,0,0,0,0,0,0,0,0,0
CTAS12,0709637253550,Uğur Böcekleri Desenli Çift Taraflı Kauçuk Kapı Önü Paspası,Yeşil,0,299,20,2,1,20,4,1,1,1,0,0,0,0,230,0,0,0,0,0,0,0,0,0,0,0,0,0
BASPAS2,0789393947382,Kıvırcık Dış Mekan Merdiven ve Basamak Paspası,Renkli,0,549,55,0,7,55,4,1,1,0,0,1,0,0,549,0,0,0,0,0,0,1,0,0,0,0,0,0
DK128,0709637252997,Tufting Halıdan Basamak Ve Merdiven Paspası,Yeşil,0,129,80,4,9,80,7,1,15,0,0,15,0,0,1935,0,0,0,0,0,0,0,0,15,0,0,0,0
BPS32,0789393946828,Kahve Bukl Kendinden Yapışkanlı Merdiven Basamak Halısı,Renkli,0,149,74,2,51,74,193,6,60,10,50,0,0,0,8940,0,0,0,0,0,0,0,0,0,0,0,0,0
MER5080,869012343410,Nem Alıcı Kaymaz Taban Kapı Önü Paspası,Siyah,0,299,86,7,156,86,3,1,1,0,0,1,0,0,299,0,0,0,0,0,0,0,1,0,0,0,0,0
DK220,0709637254168,Tufting Halıdan Basamak Ve Merdiven Paspası,Kahve,0,199,145,7,21,145,4,1,6,0,0,6,0,0,1194,0,0,0,0,0,0,0,6,0,0,0,0,0
KOP29,0789393944480,Kaplumbağa Baskılı Kauçuk Kapı Önü Paspası,Çok Renkli,0,0,21,3,7,21,5,1,1,0,0,0,1,0,199,0,1,0,0,0,0,0,0,0,0,0,0,0
DK182,0709637253789,Tufting Halıdan Basamak Ve Merdiven Paspası,Beyaz,0,129,235,16,24,235,14,3,32,0,0,32,0,0,4128,0,0,0,0,2,0,30,0,0,0,0,0,0
EKO26,470773336,Desenli Kaymaz Tabanlı Merdiven Basamak Paspası / Halısı,Renkli,0,129,24,3,129,24,1,1,5,5,0,0,0,0,645,0,0,0,0,0,0,0,0,0,0,0,0,0
KOP3,0789393944640,Welcome Yazılı Kauçuk Kapı Önü Paspası,NoColor-3a1e9a23,0,199,8,0,6,8,1,1,1,0,0,0,1,0,199,0,1,0,0,0,0,0,0,0,0,0,0,0
DK228,0709637254243,Tufting Halıdan Basamak Ve Merdiven Paspası,Kahve,0,199,229,6,17,229,7,1,6,0,0,6,0,0,1194,0,0,0,0,0,0,0,6,0,0,0,0,0
EKOYRMALIN16,0709637255172,Bukle Halıdan Alınlıklı Basamak ve Merdiven Paspası 16'lı,Bej,0,2399,128,5,5,128,2,1,1,1,0,0,0,0,2399,0,0,0,0,0,0,0,0,0,0,0,0,0
WELCOMEYAPRAK,0789393946552,Welcome Ve Kurumuş Yaprak Baskılı Kaliteli Kauçuk Kapı Önü Paspas,Renkli,0,199,19,1,1,19,2,1,1,0,0,1,0,0,199,0,0,0,0,0,0,0,1,0,0,0,0,0
DK183,0709637253796,Tufting Halıdan Basamak Ve Merdiven Paspası,Siyah,0,129,134,7,15,134,2,1,2,0,0,2,0,0,258,0,0,0,0,0,0,2,0,0,0,0,0,0
KAUCUK23,869030253131,Kauçuk Tabanlı Hijyenik Kapı Önü Paspası,Mavi,0,299,54,5,19,54,3,1,1,0,0,1,0,0,299,0,0,0,0,0,1,0,0,0,0,0,0,0
